[{"First": "Henry", "Last": "Aaron", "Inducted As": "Player"}, {"First": "Pete", "Last": "Alexander", "Inducted As": "Player"}, {"First": "Roberto", "Last": "Alomar", "Inducted As": "Player"}, {"First": "Walter", "Last": "Alston", "Inducted As": "Manager"}, {"First": "Sparky", "Last": "Anderson", "Inducted As": "Manager"}, {"First": "Cap", "Last": "Anson", "Inducted As": "Player"}, {"First": "Luis", "Last": "Aparicio", "Inducted As": "Player"}, {"First": "Luke", "Last": "Appling", "Inducted As": "Player"}, {"First": "Richie", "Last": "Ashburn", "Inducted As": "Player"}, {"First": "Earl", "Last": "Averill", "Inducted As": "Player"}, {"First": "Jeff", "Last": "Bagwell", "Inducted As": "Player"}, {"First": "Harold", "Last": "Baines", "Inducted As": "Player"}, {"First": "Home Run", "Last": "Baker", "Inducted As": "Player"}, {"First": "Dave", "Last": "Bancroft", "Inducted As": "Player"}, {"First": "Ernie", "Last": "Banks", "Inducted As": "Player"}, {"First": "Al", "Last": "Barlick", "Inducted As": "Umpire"}, {"First": "Ed", "Last": "Barrow", "Inducted As": "Pioneer/Executive"}, {"First": "Jake", "Last": "Beckley", "Inducted As": "Player"}, {"First": "Cool Papa", "Last": "Bell", "Inducted As": "Player"}, {"First": "Johnny", "Last": "Bench", "Inducted As": "Player"}, {"First": "Charles", "Last": "Bender", "Inducted As": "Player"}, {"First": "Yogi", "Last": "Berra", "Inducted As": "Player"}, {"First": "Craig", "Last": "Biggio", "Inducted As": "Player"}, {"First": "Bert", "Last": "Blyleven", "Inducted As": "Player"}, {"First": "Wade", "Last": "Boggs", "Inducted As": "Player"}, {"First": "Jim", "Last": "Bottomley", "Inducted As": "Player"}, {"First": "Lou", "Last": "Boudreau", "Inducted As": "Player"}, {"First": "Roger", "Last": "Bresnahan", "Inducted As": "Player"}, {"First": "George", "Last": "Brett", "Inducted As": "Player"}, {"First": "Lou", "Last": "Brock", "Inducted As": "Player"}, {"First": "Dan", "Last": "Brouthers", "Inducted As": "Player"}, {"First": "Ray", "Last": "Brown", "Inducted As": "Player"}, {"First": "Willard", "Last": "Brown", "Inducted As": "Player"}, {"First": "Mordecai", "Last": "Brown", "Inducted As": "Player"}, {"First": "Morgan", "Last": "Bulkeley", "Inducted As": "Pioneer/Executive"}, {"First": "Jim", "Last": "Bunning", "Inducted As": "Player"}, {"First": "Jesse", "Last": "Burkett", "Inducted As": "Player"}, {"First": "Roy", "Last": "Campanella", "Inducted As": "Player"}, {"First": "Rod", "Last": "Carew", "Inducted As": "Player"}, {"First": "Max", "Last": "Carey", "Inducted As": "Player"}, {"First": "Steve", "Last": "Carlton", "Inducted As": "Player"}, {"First": "Gary", "Last": "Carter", "Inducted As": "Player"}, {"First": "Alexander", "Last": "Cartwright", "Inducted As": "Pioneer/Executive"}, {"First": "Orlando", "Last": "Cepeda", "Inducted As": "Player"}, {"First": "Henry", "Last": "Chadwick", "Inducted As": "Pioneer/Executive"}, {"First": "Frank", "Last": "Chance", "Inducted As": "Player"}, {"First": "Happy", "Last": "Chandler", "Inducted As": "Pioneer/Executive"}, {"First": "Oscar", "Last": "Charleston", "Inducted As": "Player"}, {"First": "Jack", "Last": "Chesbro", "Inducted As": "Player"}, {"First": "Nestor", "Last": "Chylak", "Inducted As": "Umpire"}, {"First": "Fred", "Last": "Clarke", "Inducted As": "Player"}, {"First": "John", "Last": "Clarkson", "Inducted As": "Player"}, {"First": "Roberto", "Last": "Clemente", "Inducted As": "Player"}, {"First": "Ty", "Last": "Cobb", "Inducted As": "Player"}, {"First": "Mickey", "Last": "Cochrane", "Inducted As": "Player"}, {"First": "Jimmy", "Last": "Collins", "Inducted As": "Player"}, {"First": "Eddie", "Last": "Collins", "Inducted As": "Player"}, {"First": "Earle", "Last": "Combs", "Inducted As": "Player"}, {"First": "Charlie", "Last": "Comiskey", "Inducted As": "Pioneer/Executive"}, {"First": "Jocko", "Last": "Conlan", "Inducted As": "Umpire"}, {"First": "Tommy", "Last": "Connolly", "Inducted As": "Umpire"}, {"First": "Roger", "Last": "Connor", "Inducted As": "Player"}, {"First": "Andy", "Last": "Cooper", "Inducted As": "Player"}, {"First": "Stan", "Last": "Coveleski", "Inducted As": "Player"}, {"First": "Bobby", "Last": "Cox", "Inducted As": "Manager"}, {"First": "Sam", "Last": "Crawford", "Inducted As": "Player"}, {"First": "Joe", "Last": "Cronin", "Inducted As": "Player"}, {"First": "Candy", "Last": "Cummings", "Inducted As": "Pioneer/Executive"}, {"First": "Kiki", "Last": "Cuyler", "Inducted As": "Player"}, {"First": "Ray", "Last": "Dandridge", "Inducted As": "Player"}, {"First": "George", "Last": "Davis", "Inducted As": "Player"}, {"First": "Andre", "Last": "Dawson", "Inducted As": "Player"}, {"First": "Leon", "Last": "Day", "Inducted As": "Player"}, {"First": "Dizzy", "Last": "Dean", "Inducted As": "Player"}, {"First": "Ed", "Last": "Delahanty", "Inducted As": "Player"}, {"First": "Bill", "Last": "Dickey", "Inducted As": "Player"}, {"First": "Mart\u00edn", "Last": "Dihigo", "Inducted As": "Player"}, {"First": "Joe", "Last": "DiMaggio", "Inducted As": "Player"}, {"First": "Larry", "Last": "Doby", "Inducted As": "Player"}, {"First": "Bobby", "Last": "Doerr", "Inducted As": "Player"}, {"First": "Barney", "Last": "Dreyfuss", "Inducted As": "Pioneer/Executive"}, {"First": "Don", "Last": "Drysdale", "Inducted As": "Player"}, {"First": "Hugh", "Last": "Duffy", "Inducted As": "Player"}, {"First": "Leo", "Last": "Durocher", "Inducted As": "Manager"}, {"First": "Dennis", "Last": "Eckersley", "Inducted As": "Player"}, {"First": "Billy", "Last": "Evans", "Inducted As": "Umpire"}, {"First": "Johnny", "Last": "Evers", "Inducted As": "Player"}, {"First": "Buck", "Last": "Ewing", "Inducted As": "Player"}, {"First": "Red", "Last": "Faber", "Inducted As": "Player"}, {"First": "Bob", "Last": "Feller", "Inducted As": "Player"}, {"First": "Rick", "Last": "Ferrell", "Inducted As": "Player"}, {"First": "Rollie", "Last": "Fingers", "Inducted As": "Player"}, {"First": "Carlton", "Last": "Fisk", "Inducted As": "Player"}, {"First": "Elmer", "Last": "Flick", "Inducted As": "Player"}, {"First": "Whitey", "Last": "Ford", "Inducted As": "Player"}, {"First": "Bill", "Last": "Foster", "Inducted As": "Player"}, {"First": "Rube", "Last": "Foster", "Inducted As": "Manager"}, {"First": "Nellie", "Last": "Fox", "Inducted As": "Player"}, {"First": "Jimmie", "Last": "Foxx", "Inducted As": "Player"}, {"First": "Ford", "Last": "Frick", "Inducted As": "Pioneer/Executive"}, {"First": "Frankie", "Last": "Frisch", "Inducted As": "Player"}, {"First": "Pud", "Last": "Galvin", "Inducted As": "Player"}, {"First": "Lou", "Last": "Gehrig", "Inducted As": "Player"}, {"First": "Charlie", "Last": "Gehringer", "Inducted As": "Player"}, {"First": "Bob", "Last": "Gibson", "Inducted As": "Player"}, {"First": "Josh", "Last": "Gibson", "Inducted As": "Player"}, {"First": "Warren", "Last": "Giles", "Inducted As": "Pioneer/Executive"}, {"First": "Pat", "Last": "Gillick", "Inducted As": "Pioneer/Executive"}, {"First": "Tom", "Last": "Glavine", "Inducted As": "Player"}, {"First": "Lefty", "Last": "Gomez", "Inducted As": "Player"}, {"First": "Joe", "Last": "Gordon", "Inducted As": "Player"}, {"First": "Goose", "Last": "Goslin", "Inducted As": "Player"}, {"First": "Rich", "Last": "Gossage", "Inducted As": "Player"}, {"First": "Frank", "Last": "Grant", "Inducted As": "Player"}, {"First": "Hank", "Last": "Greenberg", "Inducted As": "Player"}, {"First": "Ken", "Last": "Griffey Jr.", "Inducted As": "Player"}, {"First": "Clark", "Last": "Griffith", "Inducted As": "Pioneer/Executive"}, {"First": "Burleigh", "Last": "Grimes", "Inducted As": "Player"}, {"First": "Lefty", "Last": "Grove", "Inducted As": "Player"}, {"First": "Vladimir", "Last": "Guerrero", "Inducted As": "Player"}, {"First": "Tony", "Last": "Gwynn", "Inducted As": "Player"}, {"First": "Chick", "Last": "Hafey", "Inducted As": "Player"}, {"First": "Jesse", "Last": "Haines", "Inducted As": "Player"}, {"First": "Roy", "Last": "Halladay", "Inducted As": "Player"}, {"First": "Billy", "Last": "Hamilton", "Inducted As": "Player"}, {"First": "Ned", "Last": "Hanlon", "Inducted As": "Manager"}, {"First": "Will", "Last": "Harridge", "Inducted As": "Pioneer/Executive"}, {"First": "Bucky", "Last": "Harris", "Inducted As": "Manager"}, {"First": "Gabby", "Last": "Hartnett", "Inducted As": "Player"}, {"First": "Doug", "Last": "Harvey", "Inducted As": "Umpire"}, {"First": "Harry", "Last": "Heilmann", "Inducted As": "Player"}, {"First": "Rickey", "Last": "Henderson", "Inducted As": "Player"}, {"First": "Billy", "Last": "Herman", "Inducted As": "Player"}, {"First": "Whitey", "Last": "Herzog", "Inducted As": "Manager"}, {"First": "Pete", "Last": "Hill", "Inducted As": "Player"}, {"First": "Trevor", "Last": "Hoffman", "Inducted As": "Player"}, {"First": "Harry", "Last": "Hooper", "Inducted As": "Player"}, {"First": "Rogers", "Last": "Hornsby", "Inducted As": "Player"}, {"First": "Waite", "Last": "Hoyt", "Inducted As": "Player"}, {"First": "Cal", "Last": "Hubbard", "Inducted As": "Umpire"}, {"First": "Carl", "Last": "Hubbell", "Inducted As": "Player"}, {"First": "Miller", "Last": "Huggins", "Inducted As": "Manager"}, {"First": "William", "Last": "Hulbert", "Inducted As": "Pioneer/Executive"}, {"First": "Catfish", "Last": "Hunter", "Inducted As": "Player"}, {"First": "Monte", "Last": "Irvin", "Inducted As": "Player"}, {"First": "Reggie", "Last": "Jackson", "Inducted As": "Player"}, {"First": "Travis", "Last": "Jackson", "Inducted As": "Player"}, {"First": "Fergie", "Last": "Jenkins", "Inducted As": "Player"}, {"First": "Hughie", "Last": "Jennings", "Inducted As": "Player"}, {"First": "Derek", "Last": "Jeter", "Inducted As": "Player"}, {"First": "Randy", "Last": "Johnson", "Inducted As": "Player"}, {"First": "Judy", "Last": "Johnson", "Inducted As": "Player"}, {"First": "Ban", "Last": "Johnson", "Inducted As": "Pioneer/Executive"}, {"First": "Walter", "Last": "Johnson", "Inducted As": "Player"}, {"First": "Chipper", "Last": "Jones", "Inducted As": "Player"}, {"First": "Addie", "Last": "Joss", "Inducted As": "Player"}, {"First": "Al", "Last": "Kaline", "Inducted As": "Player"}, {"First": "Tim", "Last": "Keefe", "Inducted As": "Player"}, {"First": "Willie", "Last": "Keeler", "Inducted As": "Player"}, {"First": "George", "Last": "Kell", "Inducted As": "Player"}, {"First": "Joe", "Last": "Kelley", "Inducted As": "Player"}, {"First": "High Pockets", "Last": "Kelly", "Inducted As": "Player"}, {"First": "King", "Last": "Kelly", "Inducted As": "Player"}, {"First": "Harmon", "Last": "Killebrew", "Inducted As": "Player"}, {"First": "Ralph", "Last": "Kiner", "Inducted As": "Player"}, {"First": "Chuck", "Last": "Klein", "Inducted As": "Player"}, {"First": "Bill", "Last": "Klem", "Inducted As": "Umpire"}, {"First": "Sandy", "Last": "Koufax", "Inducted As": "Player"}, {"First": "Bowie", "Last": "Kuhn", "Inducted As": "Pioneer/Executive"}, {"First": "Tony", "Last": "La Russa", "Inducted As": "Manager"}, {"First": "Nap", "Last": "Lajoie", "Inducted As": "Player"}, {"First": "Kenesaw Mountain", "Last": "Landis", "Inducted As": "Pioneer/Executive"}, {"First": "Barry", "Last": "Larkin", "Inducted As": "Player"}, {"First": "Tommy", "Last": "Lasorda", "Inducted As": "Manager"}, {"First": "Tony", "Last": "Lazzeri", "Inducted As": "Player"}, {"First": "Bob", "Last": "Lemon", "Inducted As": "Player"}, {"First": "Buck", "Last": "Leonard", "Inducted As": "Player"}, {"First": "Freddie", "Last": "Lindstrom", "Inducted As": "Player"}, {"First": "John Henry", "Last": "Lloyd", "Inducted As": "Player"}, {"First": "Ernie", "Last": "Lombardi", "Inducted As": "Player"}, {"First": "Al", "Last": "Lopez", "Inducted As": "Manager"}, {"First": "Ted", "Last": "Lyons", "Inducted As": "Player"}, {"First": "Connie", "Last": "Mack", "Inducted As": "Manager"}, {"First": "Biz", "Last": "Mackey", "Inducted As": "Player"}, {"First": "Lee", "Last": "MacPhail", "Inducted As": "Pioneer/Executive"}, {"First": "Larry", "Last": "MacPhail", "Inducted As": "Pioneer/Executive"}, {"First": "Greg", "Last": "Maddux", "Inducted As": "Player"}, {"First": "Effa", "Last": "Manley", "Inducted As": "Pioneer/Executive"}, {"First": "Mickey", "Last": "Mantle", "Inducted As": "Player"}, {"First": "Heinie", "Last": "Manush", "Inducted As": "Player"}, {"First": "Rabbit", "Last": "Maranville", "Inducted As": "Player"}, {"First": "Juan", "Last": "Marichal", "Inducted As": "Player"}, {"First": "Rube", "Last": "Marquard", "Inducted As": "Player"}, {"First": "Edgar", "Last": "Martinez", "Inducted As": "Player"}, {"First": "Pedro", "Last": "Martinez", "Inducted As": "Player"}, {"First": "Eddie", "Last": "Mathews", "Inducted As": "Player"}, {"First": "Christy", "Last": "Mathewson", "Inducted As": "Player"}, {"First": "Willie", "Last": "Mays", "Inducted As": "Player"}, {"First": "Bill", "Last": "Mazeroski", "Inducted As": "Player"}, {"First": "Joe", "Last": "McCarthy", "Inducted As": "Manager"}, {"First": "Tommy", "Last": "McCarthy", "Inducted As": "Player"}, {"First": "Willie", "Last": "McCovey", "Inducted As": "Player"}, {"First": "Joe", "Last": "McGinnity", "Inducted As": "Player"}, {"First": "Bill", "Last": "McGowan", "Inducted As": "Umpire"}, {"First": "John", "Last": "McGraw", "Inducted As": "Manager"}, {"First": "Bill", "Last": "McKechnie", "Inducted As": "Manager"}, {"First": "Bid", "Last": "McPhee", "Inducted As": "Player"}, {"First": "Joe", "Last": "Medwick", "Inducted As": "Player"}, {"First": "Jos\u00e9", "Last": "Mend\u00e9z", "Inducted As": "Player"}, {"First": "Marvin", "Last": "Miller", "Inducted As": "Pioneer/Executive"}, {"First": "Johnny", "Last": "Mize", "Inducted As": "Player"}, {"First": "Paul", "Last": "Molitor", "Inducted As": "Player"}, {"First": "Joe", "Last": "Morgan", "Inducted As": "Player"}, {"First": "Jack", "Last": "Morris", "Inducted As": "Player"}, {"First": "Eddie", "Last": "Murray", "Inducted As": "Player"}, {"First": "Stan", "Last": "Musial", "Inducted As": "Player"}, {"First": "Mike", "Last": "Mussina", "Inducted As": "Player"}, {"First": "Hal", "Last": "Newhouser", "Inducted As": "Player"}, {"First": "Kid", "Last": "Nichols", "Inducted As": "Player"}, {"First": "Phil", "Last": "Niekro", "Inducted As": "Player"}, {"First": "Hank", "Last": "O'Day", "Inducted As": "Umpire"}, {"First": "Walter", "Last": "O'Malley", "Inducted As": "Pioneer/Executive"}, {"First": "Jim", "Last": "O'Rourke", "Inducted As": "Player"}, {"First": "Mel", "Last": "Ott", "Inducted As": "Player"}, {"First": "Satchel", "Last": "Paige", "Inducted As": "Player"}, {"First": "Jim", "Last": "Palmer", "Inducted As": "Player"}, {"First": "Herb", "Last": "Pennock", "Inducted As": "Player"}, {"First": "Tony", "Last": "Perez", "Inducted As": "Player"}, {"First": "Gaylord", "Last": "Perry", "Inducted As": "Player"}, {"First": "Mike", "Last": "Piazza ", "Inducted As": "Player"}, {"First": "Eddie", "Last": "Plank", "Inducted As": "Player"}, {"First": "Alex", "Last": "Pompez", "Inducted As": "Pioneer/Executive"}, {"First": "Cum", "Last": "Posey", "Inducted As": "Pioneer/Executive"}, {"First": "Kirby", "Last": "Puckett", "Inducted As": "Player"}, {"First": "Old Hoss", "Last": "Radbourn", "Inducted As": "Player"}, {"First": "Tim", "Last": "Raines", "Inducted As": "Player"}, {"First": "Pee Wee", "Last": "Reese", "Inducted As": "Player"}, {"First": "Jim", "Last": "Rice", "Inducted As": "Player"}, {"First": "Sam", "Last": "Rice", "Inducted As": "Player"}, {"First": "Branch", "Last": "Rickey", "Inducted As": "Pioneer/Executive"}, {"First": "Cal", "Last": "Ripken Jr.", "Inducted As": "Player"}, {"First": "Mariano", "Last": "Rivera", "Inducted As": "Player"}, {"First": "Eppa", "Last": "Rixey", "Inducted As": "Player"}, {"First": "Phil", "Last": "Rizzuto", "Inducted As": "Player"}, {"First": "Robin", "Last": "Roberts", "Inducted As": "Player"}, {"First": "Brooks", "Last": "Robinson", "Inducted As": "Player"}, {"First": "Frank", "Last": "Robinson", "Inducted As": "Player"}, {"First": "Jackie", "Last": "Robinson", "Inducted As": "Player"}, {"First": "Wilbert", "Last": "Robinson", "Inducted As": "Manager"}, {"First": "Ivan", "Last": "Rodriguez", "Inducted As": "Player"}, {"First": "Bullet", "Last": "Rogan", "Inducted As": "Player"}, {"First": "Edd", "Last": "Roush", "Inducted As": "Player"}, {"First": "Red", "Last": "Ruffing", "Inducted As": "Player"}, {"First": "Jacob", "Last": "Ruppert", "Inducted As": "Pioneer/Executive"}, {"First": "Amos", "Last": "Rusie", "Inducted As": "Player"}, {"First": "Babe", "Last": "Ruth", "Inducted As": "Player"}, {"First": "Nolan", "Last": "Ryan", "Inducted As": "Player"}, {"First": "Ryne", "Last": "Sandberg", "Inducted As": "Player"}, {"First": "Ron", "Last": "Santo", "Inducted As": "Player"}, {"First": "Louis", "Last": "Santop", "Inducted As": "Player"}, {"First": "Ray", "Last": "Schalk", "Inducted As": "Player"}, {"First": "Mike", "Last": "Schmidt", "Inducted As": "Player"}, {"First": "Red", "Last": "Schoendienst", "Inducted As": "Player"}, {"First": "John", "Last": "Schuerholz", "Inducted As": "Pioneer/Executive"}, {"First": "Tom", "Last": "Seaver", "Inducted As": "Player"}, {"First": "Frank", "Last": "Selee", "Inducted As": "Manager"}, {"First": "Bud", "Last": "Selig", "Inducted As": "Pioneer/Executive"}, {"First": "Joe", "Last": "Sewell", "Inducted As": "Player"}, {"First": "Ted", "Last": "Simmons", "Inducted As": "Player"}, {"First": "Al", "Last": "Simmons", "Inducted As": "Player"}, {"First": "George", "Last": "Sisler", "Inducted As": "Player"}, {"First": "Enos", "Last": "Slaughter", "Inducted As": "Player"}, {"First": "Lee", "Last": "Smith", "Inducted As": "Player"}, {"First": "Ozzie", "Last": "Smith", "Inducted As": "Player"}, {"First": "Hilton", "Last": "Smith", "Inducted As": "Player"}, {"First": "John", "Last": "Smoltz", "Inducted As": "Player"}, {"First": "Duke", "Last": "Snider", "Inducted As": "Player"}, {"First": "Billy", "Last": "Southworth", "Inducted As": "Manager"}, {"First": "Warren", "Last": "Spahn", "Inducted As": "Player"}, {"First": "Al", "Last": "Spalding", "Inducted As": "Pioneer/Executive"}, {"First": "Tris", "Last": "Speaker", "Inducted As": "Player"}, {"First": "Willie", "Last": "Stargell", "Inducted As": "Player"}, {"First": "Turkey", "Last": "Stearnes", "Inducted As": "Player"}, {"First": "Casey", "Last": "Stengel", "Inducted As": "Manager"}, {"First": "Bruce", "Last": "Sutter", "Inducted As": "Player"}, {"First": "Mule", "Last": "Suttles", "Inducted As": "Player"}, {"First": "Don", "Last": "Sutton", "Inducted As": "Player"}, {"First": "Ben", "Last": "Taylor", "Inducted As": "Player"}, {"First": "Bill", "Last": "Terry", "Inducted As": "Player"}, {"First": "Frank", "Last": "Thomas", "Inducted As": "Player"}, {"First": "Jim", "Last": "Thome", "Inducted As": "Player"}, {"First": "Sam", "Last": "Thompson", "Inducted As": "Player"}, {"First": "Joe", "Last": "Tinker", "Inducted As": "Player"}, {"First": "Joe", "Last": "Torre", "Inducted As": "Manager"}, {"First": "Crist\u00f3bal", "Last": "Torriente", "Inducted As": "Player"}, {"First": "Alan", "Last": "Trammell", "Inducted As": "Player"}, {"First": "Pie", "Last": "Traynor", "Inducted As": "Player"}, {"First": "Dazzy", "Last": "Vance", "Inducted As": "Player"}, {"First": "Arky", "Last": "Vaughan", "Inducted As": "Player"}, {"First": "Bill", "Last": "Veeck", "Inducted As": "Pioneer/Executive"}, {"First": "Rube", "Last": "Waddell", "Inducted As": "Player"}, {"First": "Honus", "Last": "Wagner", "Inducted As": "Player"}, {"First": "Larry", "Last": "Walker", "Inducted As": "Player"}, {"First": "Bobby", "Last": "Wallace", "Inducted As": "Player"}, {"First": "Ed", "Last": "Walsh", "Inducted As": "Player"}, {"First": "Lloyd", "Last": "Waner", "Inducted As": "Player"}, {"First": "Paul", "Last": "Waner", "Inducted As": "Player"}, {"First": "John", "Last": "Ward", "Inducted As": "Player"}, {"First": "Earl", "Last": "Weaver", "Inducted As": "Manager"}, {"First": "George", "Last": "Weiss", "Inducted As": "Pioneer/Executive"}, {"First": "Mickey", "Last": "Welch", "Inducted As": "Player"}, {"First": "Willie", "Last": "Wells", "Inducted As": "Player"}, {"First": "Zack", "Last": "Wheat", "Inducted As": "Player"}, {"First": "Deacon", "Last": "White", "Inducted As": "Player"}, {"First": "Sol", "Last": "White", "Inducted As": "Pioneer/Executive"}, {"First": "Hoyt", "Last": "Wilhelm", "Inducted As": "Player"}, {"First": "J.L.", "Last": "Wilkinson", "Inducted As": "Pioneer/Executive"}, {"First": "Dick", "Last": "Williams", "Inducted As": "Manager"}, {"First": "Joe", "Last": "Williams", "Inducted As": "Player"}, {"First": "Billy", "Last": "Williams", "Inducted As": "Player"}, {"First": "Ted", "Last": "Williams", "Inducted As": "Player"}, {"First": "Vic", "Last": "Willis", "Inducted As": "Player"}, {"First": "Jud", "Last": "Wilson", "Inducted As": "Player"}, {"First": "Hack", "Last": "Wilson", "Inducted As": "Player"}, {"First": "Dave", "Last": "Winfield", "Inducted As": "Player"}, {"First": "Harry", "Last": "Wright", "Inducted As": "Pioneer/Executive"}, {"First": "George", "Last": "Wright", "Inducted As": "Pioneer/Executive"}, {"First": "Early", "Last": "Wynn", "Inducted As": "Player"}, {"First": "Carl", "Last": "Yastrzemski", "Inducted As": "Player"}, {"First": "Tom", "Last": "Yawkey", "Inducted As": "Pioneer/Executive"}, {"First": "Cy", "Last": "Young", "Inducted As": "Player"}, {"First": "Ross", "Last": "Youngs", "Inducted As": "Player"}, {"First": "Robin", "Last": "Yount", "Inducted As": "Player"}]